Recipe Name,Ingredients,Quantity,Instructions,Cuisine,Diet,Meal Type
Shorshe Ilish,"hilsa fish, mustard, turmeric, salt, mustard oil","2 pieces hilsa fish, 1 tbsp mustard, 1 tsp turmeric, 1 tsp salt, 2 tbsp mustard oil","Marinate fish, cook with mustard paste in mustard oil.",Bengali,Non-Vegetarian,Lunch
Aloo Posto,"potato, poppy seeds, green chili, mustard oil, salt","4 potatoes, 1 tsp poppy seeds, 2 green chilies, 2 tbsp mustard oil, 1 tsp salt","Boil potatoes, cook with posto paste and mustard oil.",Bengali,Vegetarian,Lunch
Chingri Malai Curry,"prawn, coconut milk, onion, garlic, ginger","500g prawn, 200 ml coconut milk, 1 onion, 3 cloves garlic, 1 inch ginger","Cook prawn in coconut milk with spices.",Bengali,Non-Vegetarian,Dinner
Palak Paneer,"paneer, spinach, onion, garlic, garam masala","200g paneer, 300g spinach, 1 onion, 2 cloves garlic, 1 tsp garam masala","Boil spinach, blend and cook with paneer.",Indian,Vegetarian,Lunch
Butter Chicken,"chicken, tomato, cream, butter, spices","500g chicken, 2 tomatoes, 100 ml cream, 3 tbsp butter, 1 tsp garam masala","Cook marinated chicken in creamy tomato gravy.",Indian,Non-Vegetarian,Dinner
Chole Bhature,"chickpeas, flour, yogurt, onion, tomato","200g chickpeas, 200g flour, 100g yogurt, 1 onion, 2 tomatoes","Boil chole and fry bhature.",Indian,Vegetarian,Breakfast
Veg Hakka Noodles,"noodles, cabbage, carrot, capsicum, soy sauce","200g noodles, 100g cabbage, 1 carrot, 1 capsicum, 2 tbsp soy sauce","Stir fry vegetables and noodles with sauces.",Chinese,Vegan,Lunch
Chicken Manchurian,"chicken, soy sauce, garlic, ginger, chili sauce","300g chicken, 2 tbsp soy sauce, 3 cloves garlic, 1 inch ginger, 2 tbsp chili sauce","Fry chicken, toss in manchurian sauce.",Chinese,Non-Vegetarian,Dinner
Grilled Cheese Sandwich,"bread, cheese, butter","2 slices bread, 2 slices cheese, 1 tbsp butter","Butter bread, add cheese, grill till golden.",Western,Vegetarian,Snack
Pancakes,"flour, eggs, milk, sugar, baking powder","200g flour, 2 eggs, 200ml milk, 2 tbsp sugar, 1 tsp baking powder","Mix and fry pancakes on a pan.",Western,Vegetarian,Breakfast
Beef Steak,"beef, salt, pepper, olive oil","200g beef, 1 tsp salt, 1 tsp pepper, 1 tbsp olive oil","Grill steak with seasoning.",Western,Non-Vegetarian,Dinner
Miso Soup,"miso paste, tofu, seaweed, green onions","2 tbsp miso paste, 100g tofu, 1 sheet seaweed, 2 green onions","Simmer miso paste with water and add ingredients.",Other,Vegan,Lunch
Falafel Wrap,"chickpeas, flour, spices, pita bread","200g chickpeas, 100g flour, 1 tsp cumin, 4 pita bread","Fry falafel and wrap in pita with veggies.",Other,Vegan,Snack
Caesar Salad,"romaine lettuce, croutons, Caesar dressing","100g romaine lettuce, 50g croutons, 2 tbsp Caesar dressing","Toss lettuce with dressing and croutons.",Western,Vegetarian,Snack
Sushi,"sushi rice, nori, fish/vegetables, soy sauce","200g sushi rice, 5 sheets nori, 100g fish/vegetables, 2 tbsp soy sauce","Roll sushi with fillings and serve with soy sauce.",Japanese,Non-Vegetarian,Lunch
Ramen,"ramen noodles, broth, pork/vegetables, green onions","200g ramen noodles, 500ml broth, 150g pork/vegetables, 2 green onions","Cook noodles in broth with toppings.",Japanese,Non-Vegetarian,Dinner
Tacos,"taco shells, ground meat/beans, cheese, lettuce, salsa","4 taco shells, 200g ground meat/beans, 50g cheese, 50g lettuce, 2 tbsp salsa","Fill taco shells with ingredients and serve.",Mexican,Non-Vegetarian,Lunch
Guacamole,"avocado, lime, onion, cilantro, salt","2 avocados, 1 lime, 1 onion, 2 tbsp cilantro, 1 tsp salt","Mash avocado with ingredients and serve with chips.",Mexican,Vegan,Snack
Paella,"rice, seafood/chicken, saffron, vegetables","200g rice, 300g seafood/chicken, 1 tsp saffron, 100g vegetables","Cook rice with saffron and seafood/chicken.",Spanish,Non-Vegetarian,Dinner
Gazpacho,"tomatoes, cucumber, bell pepper, olive oil","3 tomatoes, 1 cucumber, 1 bell pepper, 2 tbsp olive oil","Blend vegetables and chill before serving.",Spanish,Vegan,Appetizer
Baklava,"phyllo pastry, nuts, honey, cinnamon","200g phyllo pastry, 100g nuts, 2 tbsp honey, 1 tsp cinnamon","Layer phyllo with nuts and honey, bake until golden.",Middle Eastern,Vegan,Dessert
Hummus,"chickpeas, tahini, garlic, lemon juice","200g chickpeas, 2 tbsp tahini, 2 cloves garlic, 2 tbsp lemon juice","Blend ingredients to make a smooth dip.",Middle Eastern,Vegan,Snack
Biryani,"rice, meat/vegetables, spices, yogurt","200g rice, 300g meat/vegetables, 1 tbsp spices, 100g yogurt","Layer rice with marinated meat/vegetables and cook.",Indian,Non-Vegetarian,Dinner
Paneer Tikka,"paneer, yogurt, spices, bell peppers","200g paneer, 100g yogurt, 1 tsp spices, 1 bell pepper","Marinate paneer and grill with vegetables.",Indian,Vegetarian,Snack
Samosa,"flour, potatoes, peas, spices","200g flour, 3 potatoes, 100g peas, 1 tsp spices","Make dough, fill with spiced filling, and fry.",Indian,Vegetarian,Snack
Dhokla,"gram flour, yogurt, spices","200g gram flour, 100g yogurt, 1 tsp spices","Steam spiced gram flour batter until fluffy.",Indian,Vegetarian,Snack
Pani Puri,"semolina, potatoes, chickpeas, spices","100g semolina, 3 potatoes, 100g chickpeas, 1 tsp spices","Make puris, fill with spiced water and serve.",Indian,Vegetarian,Snack
Kofta Curry,"minced meat/vegetables, spices, yogurt, tomato","200g minced meat/vegetables, 1 tsp spices, 100g yogurt, 2 tomatoes","Make koftas, cook in spicy gravy.",Indian,Non-Vegetarian,Dinner
Dal Makhani,"black lentils, butter, cream, spices","200g black lentils, 2 tbsp butter, 100ml cream, 1 tsp spices","Slow cook lentils with butter and cream.",Indian,Vegetarian,Dinner
Rogan Josh,"lamb, yogurt, spices, onion","300g lamb, 100g yogurt, 1 tsp spices, 1 onion","Cook lamb in yogurt and spices until tender.",Indian,Non-Vegetarian,Dinner
Fish Curry,"fish, coconut milk, spices, onion","300g fish, 200ml coconut milk, 1 tsp spices, 1 onion","Cook fish in coconut milk with spices.",Indian,Non-Vegetarian,Dinner
Vegetable Biryani,"rice, mixed vegetables, spices, yogurt","200g rice, 200g mixed vegetables, 1 tbsp spices, 100g yogurt","Layer rice with vegetables and cook.",Indian,Vegetarian,Dinner
Aloo Gobi,"potato, cauliflower, spices, turmeric","4 potatoes, 1 cauliflower, 1 tsp spices, 1 tsp turmeric","Cook potatoes and cauliflower with spices.",Indian,Vegetarian,Lunch
Bhindi Masala,"okra, onion, spices, tomato","100g okra, 1 onion, 1 tsp spices, 2 tomatoes","Stir fry okra with spices and onion.",Indian,Vegetarian,Lunch
Chana Masala,"chickpeas, tomato, onion, spices","200g chickpeas, 2 tomatoes, 1 onion, 1 tsp spices","Cook chickpeas in spiced tomato gravy.",Indian,Vegetarian,Dinner
Mutton Curry,"mutton, spices, yogurt, onion","300g mutton, 1 tsp spices, 100g yogurt, 1 onion","Cook mutton in yogurt and spices until tender.",Indian,Non-Vegetarian,Dinner
Egg Curry,"eggs, tomato, onion, spices","4 eggs, 2 tomatoes, 1 onion, 1 tsp spices","Boil eggs and cook in spiced tomato gravy.",Indian,Vegetarian,Dinner
Paneer Butter Masala,"paneer, tomato, butter, cream, spices","200g paneer, 2 tomatoes, 2 tbsp butter, 100ml cream, 1 tsp spices","Cook paneer in creamy tomato gravy.",Indian,Vegetarian,Dinner
Vegetable Curry,"mixed vegetables, spices, coconut milk","200g mixed vegetables, 1 tsp spices, 200ml coconut milk","Cook mixed vegetables in spiced coconut milk.",Indian,Vegetarian,Dinner
Khichdi,"rice, lentils, spices, vegetables","100g rice, 100g lentils, 1 tsp spices, 200g vegetables","Cook rice and lentils with spices and vegetables.",Indian,Vegetarian,Lunch
Pulao,"rice, vegetables, spices, nuts","200g rice, 100g vegetables, 1 tsp spices, 50g nuts","Cook rice with vegetables and spices.",Indian,Vegetarian,Dinner
Rajma,"kidney beans, tomato, onion, spices","200g kidney beans, 2 tomatoes, 1 onion, 1 tsp spices","Cook kidney beans in spiced tomato gravy.",Indian,Vegetarian,Dinner
Methi Thepla,"fenugreek leaves, flour, spices","50g fenugreek leaves, 100g flour, 1 tsp spices","Make flatbreads with fenugreek and spices.",Indian,Vegetarian,Snack
Daal Tadka,"lentils, spices, ghee, onion","200g lentils, 1 tsp spices, 2 tbsp ghee, 1 onion","Cook lentils with spices and temper with ghee.",Indian,Vegetarian,Dinner
Pesarattu,"green gram, rice, spices","100g green gram, 100g rice, 1 tsp spices","Make dosa with green gram and rice batter.",Indian,Vegetarian,Breakfast
Idli,"rice, urad dal, fermentation","200g rice, 100g urad dal","Steam fermented rice and urad dal batter.",Indian,Vegetarian,Breakfast
Dosa,"rice, urad dal, fermentation","200g rice, 100g urad dal","Make crispy crepes with fermented batter.",Indian,Vegetarian,Breakfast
Uttapam,"rice, urad dal, vegetables","200g rice, 100g urad dal, 50g vegetables","Make thick pancakes with fermented batter and vegetables.",Indian,Vegetarian,Breakfast
Upma,"semolina, vegetables, spices","100g semolina, 100g vegetables, 1 tsp spices","Cook semolina with vegetables and spices.",Indian,Vegetarian,Breakfast
Poha,"flattened rice, onion, mustard seeds, turmeric, peas","200g flattened rice, 1 onion, 1 tsp mustard seeds, 1 tsp turmeric, 100g peas","Cook flattened rice with spices and vegetables.",Indian,Vegetarian,Breakfast
Aloo Paratha,"potato, flour, spices","3 potatoes, 200g flour, 1 tsp spices","Make stuffed flatbreads with spiced potato filling.",Indian,Vegetarian,Breakfast
Paneer Paratha,"paneer, flour, spices","100g paneer, 200g flour, 1 tsp spices","Make stuffed flatbreads with spiced paneer filling.",Indian,Vegetarian,Breakfast
Methi Paratha,"fenugreek leaves, flour, spices","50g fenugreek leaves, 200g flour, 1 tsp spices","Make flatbreads with fenugreek and spices.",Indian,Vegetarian,Breakfast
Baida Roti,"egg, flour, spices","2 eggs, 200g flour, 1 tsp spices","Make stuffed flatbreads with spiced egg filling.",Indian,Non-Vegetarian,Breakfast
Kathi Roll,"roti, vegetables/meat, sauces","2 roti, 200g vegetables/meat, 2 tbsp sauces","Wrap roti with filling and sauces.",Indian,Non-Vegetarian,Lunch
Burger,"burger bun, patty, lettuce, tomato, cheese","2 burger buns, 1 patty, 50g lettuce, 1 tomato, 2 slices cheese","Assemble burger with patty and toppings.",Western,Non-Vegetarian,Lunch
Pizza,"pizza base, cheese, tomato sauce, toppings","1 pizza base, 100g cheese, 2 tbsp tomato sauce, 100g toppings","Bake pizza with cheese and toppings.",Western,Vegetarian,Dinner
Lasagna,"pasta sheets, cheese, meat/vegetables, tomato sauce","200g pasta sheets, 100g cheese, 200g meat/vegetables, 2 tbsp tomato sauce","Layer pasta with cheese and sauce, bake until golden.",Western,Non-Vegetarian,Dinner
Spaghetti,"spaghetti, tomato sauce, garlic, herbs","200g spaghetti, 2 tbsp tomato sauce, 3 cloves garlic, 1 tsp herbs","Cook spaghetti and toss with sauce.",Western,Vegetarian,Dinner
Fried Rice,"rice, vegetables, soy sauce, eggs","200g rice, 100g vegetables, 2 tbsp soy sauce, 2 eggs","Stir fry rice with vegetables and soy sauce.",Chinese,Vegetarian,Lunch
Kung Pao Chicken,"chicken, peanuts, vegetables, soy sauce","300g chicken, 50g peanuts, 100g vegetables, 2 tbsp soy sauce","Stir fry chicken with peanuts and vegetables.",Chinese,Non-Vegetarian,Dinner
Sweet and Sour Pork,"pork, pineapple, bell pepper, soy sauce","300g pork, 100g pineapple, 1 bell pepper, 2 tbsp soy sauce","Cook pork with sweet and sour sauce.",Chinese,Non-Vegetarian,Dinner
Mapo Tofu,"tofu, ground pork, chili bean paste, garlic","200g tofu, 100g ground pork, 2 tbsp chili bean paste, 2 cloves garlic","Cook tofu with ground pork and spices.",Chinese,Non-Vegetarian,Dinner
Egg Fried Rice,"rice, eggs, vegetables, soy sauce","200g rice, 2 eggs, 100g vegetables, 2 tbsp soy sauce","Stir fry rice with eggs and vegetables.",Chinese,Vegetarian,Lunch
Hot and Sour Soup,"tofu, mushrooms, bamboo shoots, vinegar","200g tofu, 100g mushrooms, 50g bamboo shoots, 2 tbsp vinegar","Simmer ingredients in broth with vinegar.",Chinese,Vegan,Lunch
Dim Sum,"dumpling wrappers, meat/vegetables, soy sauce","50 dumpling wrappers, 200g meat/vegetables, 2 tbsp soy sauce","Steam dumplings with filling and serve.",Chinese,Non-Vegetarian,Snack
Spring Rolls,"spring roll wrappers, vegetables, soy sauce","20 spring roll wrappers, 100g vegetables, 2 tbsp soy sauce","Fill wrappers with vegetables, roll and fry.",Chinese,Vegan,Snack
Banh Mi,"baguette, pickled vegetables, meat/tofu, cilantro, chili sauce","2 baguettes, 100g pickled vegetables, 150g meat/tofu, 2 tbsp cilantro, 1 tbsp chili sauce","Assemble baguette with fillings and sauces.",Vietnamese,Non-Vegetarian,Lunch
Pho,"rice noodles, broth, meat/vegetables, herbs","200g rice noodles, 500ml broth, 150g meat/vegetables, 50g herbs","Cook noodles in broth with toppings.",Vietnamese,Non-Vegetarian,Dinner
Ceviche,"fish, lime juice, onion, cilantro, chili","200g fish, 2 tbsp lime juice, 1 onion, 2 tbsp cilantro, 1 chili","Marinate fish in lime juice with vegetables.",Peruvian,Non-Vegetarian,Appetizer
Lomo Saltado,"beef, tomatoes, onions, soy sauce","200g beef, 2 tomatoes, 1 onion, 2 tbsp soy sauce","Stir fry beef with vegetables and soy sauce.",Peruvian,Non-Vegetarian,Dinner
Causa,"potatoes, lime, avocado, tuna","4 potatoes, 1 lime, 1 avocado, 100g tuna","Layer mashed potatoes with avocado and tuna.",Peruvian,Vegetarian,Dinner
Tiradito,"fish, lime juice, chili, sweet potato","200g fish, 2 tbsp lime juice, 1 chili, 2 sweet potatoes","Marinate fish in lime juice with chili and serve with sweet potato.",Peruvian,Non-Vegetarian,Appetizer
Arroz con Pollo,"rice, chicken, vegetables, spices","200g rice, 300g chicken, 100g vegetables, 1 tsp spices","Cook rice with chicken and vegetables.",Peruvian,Non-Vegetarian,Dinner
Anticuchos,"beef heart, vinegar, spices, skewers","200g beef heart, 2 tbsp vinegar, 1 tsp spices","Grill marinated beef heart skewers.",Peruvian,Non-Vegetarian,Snack
Pisco Sour,"pisco, lime juice, simple syrup, egg white","50ml pisco, 2 tbsp lime juice, 2 tbsp simple syrup, 1 egg white","Shake ingredients and serve chilled.",Peruvian,Cocktail,Drink
Chicha Morada,"purple corn, pineapple, cinnamon, cloves","200g purple corn, 100g pineapple, 1 tsp cinnamon, 2 cloves","Boil ingredients and strain to make a drink.",Peruvian,Vegan,Drink
Causa Rellena,"potatoes, avocado, tuna, lime","4 potatoes, 1 avocado, 100g tuna, 1 lime","Layer mashed potatoes with avocado and tuna.",Peruvian,Vegetarian,Dinner
Tacu Tacu,"rice, beans, spices","200g rice, 100g beans, 1 tsp spices","Fry rice and beans with spices.",Peruvian,Vegetarian,Dinner
Seco de Cordero,"lamb, cilantro, beer, spices","300g lamb, 2 tbsp cilantro, 200ml beer, 1 tsp spices","Cook lamb in beer and cilantro sauce.",Peruvian,Non-Vegetarian,Dinner
Ají de Gallina,"chicken, ají amarillo, bread, milk","300g chicken, 1 tbsp ají amarillo, 2 slices bread, 200ml milk","Cook shredded chicken in ají sauce with bread and milk.",Peruvian,Non-Vegetarian,Dinner
Sopa Seca,"spaghetti, cilantro, spices, vegetables","200g spaghetti, 1 tbsp cilantro, 1 tsp spices, 100g vegetables","Cook spaghetti with cilantro and spices.",Peruvian,Vegetarian,Dinner
Arroz Chaufa,"rice, chicken/vegetables, soy sauce, eggs","200g rice, 100g chicken/vegetables, 2 tbsp soy sauce, 2 eggs","Stir fry rice with chicken/vegetables and soy sauce.",Peruvian,Non-Vegetarian,Lunch
Pollo a la Brasa,"chicken, spices, wood chips","1 chicken, 2 tbsp spices, 100g wood chips","Grill marinated chicken with wood chips.",Peruvian,Non-Vegetarian,Dinner
Tarta de Santiago,"almonds, sugar, eggs, lemon","200g almonds, 100g sugar, 2 eggs, 1 lemon","Bake almond cake and dust with powdered sugar.",Spanish,Vegetarian,Dessert
Pulpo a la Gallega,"octopus, potatoes, paprika, olive oil","300g octopus, 4 potatoes, 1 tsp paprika, 2 tbsp olive oil","Boil octopus, serve with potatoes and paprika.",Spanish,Non-Vegetarian,Dinner
Calamares en Salsa,"squid, tomato, onion, spices","200g squid, 2 tomatoes, 1 onion, 1 tsp spices","Cook squid in tomato sauce with spices.",Spanish,Non-Vegetarian,Dinner
Berenjenas Rellenas,"eggplant, ground meat, tomato, cheese","200g eggplant, 300g ground meat, 2 tomatoes, 100g cheese","Bake eggplants stuffed with meat and cheese.",Spanish,Non-Vegetarian,Dinner
Albondigas,"meatballs, tomato sauce, spices","200g meatballs, 200ml tomato sauce, 1 tsp spices","Cook meatballs in tomato sauce.",Spanish,Non-Vegetarian,Dinner
Arroz con Leche,"rice, milk, sugar, cinnamon","200g rice, 500ml milk, 100g sugar, 1 tsp cinnamon","Cook rice in milk with sugar and cinnamon.",Spanish,Vegetarian,Dessert
Flan,"milk, sugar, eggs, vanilla","500ml milk, 100g sugar, 4 eggs, 1 tsp vanilla","Bake custard and caramelize top.",Spanish,Vegetarian,Dessert
Paella Valenciana,"rice, chicken, rabbit, vegetables, saffron","200g rice, 150g chicken, 150g rabbit, 100g vegetables, 1 tsp saffron","Cook rice with saffron and meats.",Spanish,Non-Vegetarian,Dinner
Tortilla de Patatas,"potatoes, eggs, onion","4 potatoes, 4 eggs, 1 onion","Cook potatoes and onion, mix with eggs and fry.",Spanish,Vegetarian,Dinner
Croquetas,"flour, milk, ham/vegetables, breadcrumbs","200g flour, 100ml milk, 100g ham/vegetables, 50g breadcrumbs","Make croquettes with filling and breadcrumbs.",Spanish,Vegetarian,Snack
Churros,"flour, sugar, cinnamon, chocolate","200g flour, 100g sugar, 1 tsp cinnamon, 100g chocolate","Fry dough and serve with chocolate sauce.",Spanish,Vegetarian,Dessert
Flan,"milk, sugar, eggs, vanilla","500ml milk, 100g sugar, 4 eggs, 1 tsp vanilla","Bake custard and caramelize top.",Spanish,Vegetarian,Dessert
Paella Valenciana,"rice, chicken, rabbit, vegetables, saffron","200g rice, 150g chicken, 150g rabbit, 100g vegetables, 1 tsp saffron","Cook rice with saffron and meats.",Spanish,Non-Vegetarian,Dinner
Tortilla de Patatas,"potatoes, eggs, onion","4 potatoes, 4 eggs, 1 onion","Cook potatoes and onion, mix with eggs and fry.",Spanish,Vegetarian,Dinner
Pisto,"vegetables, tomato, olive oil","200g vegetables, 2 tomatoes, 2 tbsp olive oil","Cook vegetables in olive oil and serve.",Spanish,Vegan,Lunch
Luchi Alur Dom,"maida, potato, tomato, ginger, garam masala, salt, oil","2 cups maida, 3 medium potatoes, 1 tomato, 1 tsp grated ginger, 1/2 tsp garam masala, salt to taste, oil for frying","Knead maida with water and a pinch of salt into soft dough. Rest 20 mins. Roll into small discs and deep fry into puffed luchis. For alur dom, boil potatoes and cut into cubes. Sauté tomatoes and ginger in oil, add potatoes, garam masala, and cook covered for 10 minutes.",Bengali,Vegetarian,Breakfast
Begun Bhaja,"eggplant, turmeric, salt, mustard oil","1 large eggplant, 1/2 tsp turmeric, salt to taste, 2 tbsp mustard oil","Slice eggplant into 1/2 inch rounds. Rub with turmeric and salt. Let rest 10 minutes. Heat mustard oil in a pan and shallow fry slices until golden on both sides. Serve hot.",Bengali,Vegan,Lunch
Macher Jhol,"rohu fish, potato, tomato, turmeric, mustard oil, salt","4 pieces rohu fish, 2 potatoes, 1 tomato, 1/2 tsp turmeric, salt to taste, 2 tbsp mustard oil","Marinate fish with salt and turmeric. Fry lightly and set aside. In mustard oil, fry sliced potatoes and tomato. Add turmeric and water to make gravy. Add fish and simmer covered for 10 minutes until cooked.",Bengali,Non-Vegetarian,Lunch
Cholar Dal,"chana dal, coconut, ginger, bay leaf, ghee, salt","1 cup chana dal, 2 tbsp grated coconut, 1 tsp grated ginger, 1 bay leaf, 1 tbsp ghee, salt to taste","Boil chana dal until soft. In ghee, sauté bay leaf and ginger. Add coconut and stir. Pour in cooked dal, season with salt, and simmer for 5–7 minutes. Serve warm.",Bengali,Vegetarian,Dinner
Mishti Doi,"milk, sugar, yogurt","1 liter full-fat milk, 1/2 cup sugar, 2 tbsp plain yogurt","Boil milk and reduce to 3/4th. Add caramelized sugar and cool until lukewarm. Stir in yogurt and pour into clay pots. Cover and let set in a warm place for 6–8 hours or overnight.",Bengali,Vegetarian,Dessert
Patishapta,"flour, rice flour, coconut, jaggery, milk, cardamom","1 cup flour, 1/4 cup rice flour, 1 cup grated coconut, 1/2 cup jaggery, 1 cup milk, 1/2 tsp cardamom powder","Make batter with flour, rice flour, and milk. For filling, cook coconut, jaggery, and cardamom powder in a pan until mixed. Make thin crepes on a non-stick pan, fill with coconut mix, roll and serve warm or chilled.",Bengali,Vegetarian,Snack
Shutki Bhuna,"dry fish, onion, garlic, chili, mustard oil, turmeric, salt","200g dry fish, 2 onions, 4 garlic cloves, 2 green chilies, 2 tbsp mustard oil, 1/2 tsp turmeric, salt to taste","Wash and soak dry fish briefly. Fry dry fish in mustard oil until crisp and set aside. In same pan, sauté chopped onion, garlic, and chilies. Add turmeric, salt, and fried fish. Cook for 10 minutes until well combined and aromatic.",Bengali,Non-Vegetarian,Dinner
Dhokar Dalna,"chana dal, ginger, asafoetida, tomato, garam masala, oil, salt","1 cup chana dal, 1 tsp grated ginger, pinch of asafoetida, 1 tomato, 1/2 tsp garam masala, 2 tbsp oil, salt to taste","Soak chana dal and grind to a paste. Cook with ginger, asafoetida, and salt. Spread and cool on a greased plate, then cut into squares. Fry until golden. For gravy, sauté tomato in oil, add garam masala, and water. Add fried lentil cakes and simmer for 10 minutes.",Bengali,Vegetarian,Lunch
Shukto,"bitter gourd, raw banana, potato, drumstick, mustard paste, milk, mustard oil","1 bitter gourd, 1 raw banana, 1 potato, 1 drumstick, 1 tbsp mustard paste, 1/4 cup milk, 2 tbsp mustard oil","Cut vegetables into sticks. Fry bitter gourd separately. In mustard oil, cook other vegetables. Add mustard paste, water, and simmer. Add milk at the end and stir gently. Cook until all veggies are soft but not mushy.",Bengali,Vegan,Lunch
Mochar Ghonto,"banana blossom, potato, coconut, mustard oil, spices, ginger, salt","1 banana blossom, 1 potato, 2 tbsp grated coconut, 2 tbsp mustard oil, 1/2 tsp panch phoron, 1 tsp grated ginger, salt to taste","Clean and boil chopped banana blossom. In mustard oil, fry potato cubes. Add panch phoron, ginger, and boiled mocha. Add salt and grated coconut. Cook covered for 10–12 minutes, stirring occasionally.",Bengali,Vegan,Lunch
Paturi,"bhetki fish, mustard paste, banana leaf, mustard oil, salt, green chili","4 pieces bhetki fish, 2 tbsp mustard paste, 2 banana leaves, 2 tbsp mustard oil, salt to taste, 2 green chilies","Marinate fish with mustard paste, salt, and green chili. Place each piece on a banana leaf brushed with oil, fold tightly. Steam or cook in covered pan for 15–20 minutes until fish is tender and infused with flavor.",Bengali,Non-Vegetarian,Lunch
Panta Bhaat,"leftover rice, onion, chili, salt, mustard oil, water","1 cup cooked rice, 1/2 onion (sliced), 1 green chili, salt to taste, 1 tsp mustard oil, water as needed","Soak leftover rice in water overnight. Drain slightly before serving. Top with sliced onion, chili, salt, and drizzle mustard oil. Traditionally served with fried fish or mashed veggies.",Bengali,Vegan,Breakfast
Dim Curry,"egg, onion, tomato, garlic, turmeric, chili powder, salt, oil","4 boiled eggs, 2 onions, 2 tomatoes, 2 garlic cloves, 1/2 tsp turmeric, 1/2 tsp chili powder, salt to taste, 2 tbsp oil","Boil and peel eggs. In oil, sauté chopped onions and garlic until golden. Add tomatoes, turmeric, chili powder, and salt. Cook till soft. Add eggs and simmer in the gravy for 8–10 minutes. Serve hot.",Bengali,Non-Vegetarian,Lunch
Kosha Mangsho,"mutton, onion, garlic, yogurt, spices, mustard oil, ginger, salt","500g mutton, 2 onions, 4 garlic cloves, 1/4 cup yogurt, 2 tbsp mustard oil, 1 tsp ginger paste, 1 tsp garam masala, salt to taste","Marinate mutton with yogurt, ginger-garlic paste, and spices for 1 hour. In mustard oil, fry onions till golden. Add marinated mutton and cook on medium heat, stirring often, for 1.5–2 hours until tender and gravy thickens.",Bengali,Non-Vegetarian,Dinner
Pui Shaak Chingri,"malabar spinach, prawn, mustard oil, spices, garlic, salt","2 cups chopped malabar spinach, 200g prawns, 2 tbsp mustard oil, 1/2 tsp turmeric, 1/2 tsp chili powder, 2 garlic cloves, salt to taste","Clean prawns and marinate with turmeric and salt. In mustard oil, sauté garlic, then add prawns and fry briefly. Add chopped pui shaak and spices. Cook covered for 10–12 minutes until soft and flavorful.",Bengali,Non-Vegetarian,Lunch
Kumro Chechki,"pumpkin, green chili, mustard seeds, mustard oil, salt","2 cups grated or finely chopped pumpkin, 2 green chilies, 1/2 tsp mustard seeds, 1 tbsp mustard oil, salt to taste","Heat mustard oil, splutter mustard seeds. Add pumpkin and chilies, stir well. Add salt and cook covered on low heat until soft. Serve warm with rice.",Bengali,Vegan,Lunch
Chingri Bhapa,"prawn, mustard paste, coconut, mustard oil, green chili, salt","300g prawns, 2 tbsp mustard paste, 2 tbsp grated coconut, 2 tbsp mustard oil, 2 green chilies, salt to taste","Mix prawns with mustard paste, coconut, mustard oil, salt, and slit green chilies. Place in a steel container or banana leaf and steam for 15–20 minutes until prawns are tender.",Bengali,Non-Vegetarian,Lunch
Gorom Bhaat O Ghee,"rice, ghee, salt","1 cup cooked rice, 1 tsp ghee, salt to taste","Serve hot steamed rice topped with a spoon of ghee and a pinch of salt. Enjoy as a simple comfort meal.",Bengali,Vegetarian,Lunch
Basanti Pulao,"gobindobhog rice, ghee, raisins, cashew, turmeric, sugar, bay leaf","1 cup gobindobhog rice, 2 tbsp ghee, 2 tbsp raisins, 2 tbsp cashew nuts, 1/4 tsp turmeric, 1 tbsp sugar, 1 bay leaf","Wash rice and soak 20 mins. Heat ghee, sauté bay leaf, cashew, and raisins. Add rice, turmeric, and sugar. Fry for 2 minutes, then add water (2 cups) and cook covered on low heat until rice is done.",Bengali,Vegetarian,Dinner
Enchorer Dalna,"raw jackfruit, potato, bay leaf, garam masala, ginger, turmeric, oil, salt","2 cups raw jackfruit (cubed), 1 potato, 1 bay leaf, 1 tsp garam masala, 1 tsp ginger paste, 1/2 tsp turmeric, 2 tbsp oil, salt to taste","Boil jackfruit cubes until soft. In oil, fry bay leaf, add potatoes and ginger paste. Add jackfruit, turmeric, salt. Cook for 5 mins, add water. Simmer covered. Sprinkle garam masala at the end.",Bengali,Vegetarian,Lunch
Pabda Jhol,"pabda fish, nigella seeds, green chili, mustard oil, turmeric, salt","4 pabda fish, 1/2 tsp nigella seeds, 2 green chilies, 2 tbsp mustard oil, 1/2 tsp turmeric, salt to taste","Rub fish with salt and turmeric, lightly fry in mustard oil. In same oil, add nigella seeds and green chili. Add water to form a light gravy. Add fish and simmer 10 minutes.",Bengali,Non-Vegetarian,Lunch
Ilish Bhapa,"hilsa, mustard paste, green chili, yogurt, mustard oil, salt","4 pieces hilsa, 2 tbsp mustard paste, 2 green chilies, 2 tbsp yogurt, 1 tbsp mustard oil, salt to taste","Mix mustard paste, yogurt, salt, oil, and green chili. Coat hilsa pieces and place in a covered steel container or banana leaf wrap. Steam for 15–20 minutes.",Bengali,Non-Vegetarian,Lunch
Postor Bora,"poppy seeds, green chili, salt, mustard oil, rice flour","4 tbsp poppy seeds, 1 green chili, salt to taste, 1 tsp rice flour, mustard oil for frying","Grind poppy seeds and chili into a coarse paste. Add salt and a little rice flour for binding. Shape small fritters and shallow fry in mustard oil until crispy.",Bengali,Vegetarian,Snack
Panta Ilish,"soaked rice, hilsa fry, onion, chili, salt, mustard oil, water","1 cup leftover rice, 1 fried hilsa piece, 1/2 onion sliced, 1 green chili, salt to taste, 1 tsp mustard oil, water as needed","Soak leftover rice in water overnight. Drain slightly before serving. Top with sliced onion, chili, salt, and drizzle mustard oil. Traditionally served with fried fish or mashed veggies.",Bengali,Non-Vegetarian,Lunch
Taler Bora,"palm fruit pulp, flour, sugar, cardamom, oil","1 cup palm pulp, 1/2 cup flour, 1/4 cup sugar, 1/4 tsp cardamom powder, oil for frying","Mix palm pulp, flour, sugar, and cardamom into a thick batter. Heat oil and drop spoonfuls to deep fry until golden brown. Serve warm.",Bengali,Vegetarian,Snack
Chanar Dalna,"chana, potato, tomato, garam masala, ginger, oil, salt","200g chana (paneer), 1 potato, 1 tomato, 1/2 tsp garam masala, 1 tsp ginger paste, 1 tbsp oil, salt to taste","Cut chana into cubes. Fry lightly and set aside. Fry potatoes and tomatoes with ginger. Add water, salt, and bring to boil. Add chana and simmer 10 minutes. Sprinkle garam masala before serving.",Bengali,Vegetarian,Dinner
Kolar Kofta,"ripe banana, gram flour, spices, ghee, salt, oil","2 ripe bananas, 2 tbsp gram flour, 1/2 tsp spice mix, 1 tsp ghee, salt to taste, oil for frying","Mash bananas with gram flour, spices, and salt. Shape into balls and deep fry. For gravy, sauté spices in ghee, add water, and simmer koftas gently.",Bengali,Vegetarian,Lunch
Murir Moa,"puffed rice, jaggery, ghee, water","2 cups puffed rice, 1/2 cup jaggery, 1 tsp ghee, 2 tbsp water","Melt jaggery with water until sticky. Add ghee and mix in puffed rice. Shape quickly into balls while warm. Let cool and store airtight.",Bengali,Vegetarian,Snack
Payra Mangsho,"pigeon meat, onion, garlic, garam masala","Cook pigeon meat in spiced gravy.",Bengali,Non-Vegetarian,Dinner
Bonde,"besan, sugar, cardamom, ghee","Fry tiny sweet drops and soak in syrup.",Bengali,Vegetarian,Dessert
Langcha,"flour, khoya, sugar syrup, cardamom","Fry sweet rolls and soak in syrup.",Bengali,Vegetarian,Dessert
Sitabhog,"chhana, rice flour, sugar, saffron","Make sweet rice-like dessert with chhana.",Bengali,Vegetarian,Dessert
Aloo Jhinge Posto,"ridge gourd, potato, poppy seeds, mustard oil, green chili, salt","2 ridge gourds (jhinge), 2 medium potatoes, 3 tbsp poppy seed paste, 1 tbsp mustard oil, 1 green chili, salt to taste","Peel and cut jhinge and potatoes into small pieces. Heat mustard oil and sauté the vegetables for 5 minutes. Add poppy seed paste, green chili, and salt. Cook covered for 10–12 minutes until vegetables are tender and well coated.",Bengali,Vegetarian,Lunch
Begun Pora,"eggplant, mustard oil, garlic, green chili, salt","1 large eggplant, 1 tbsp mustard oil, 2 garlic cloves, 1 green chili, salt to taste","Roast eggplant over open flame until soft and charred. Cool, peel the skin, and mash the pulp with mustard oil, chopped garlic, green chili, and salt. Serve with rice.",Bengali,Vegan,Dinner
Bhetki Fry,"bhetki fillet, bread crumbs, egg, salt, black pepper, oil","4 bhetki fish fillets, 1 cup bread crumbs, 1 egg, salt to taste, 1/4 tsp black pepper, oil for frying","Marinate fish with salt and pepper. Beat the egg. Dip fish in egg, coat with bread crumbs. Deep fry in hot oil until golden brown. Serve hot with mustard sauce or kasundi.",Bengali,Non-Vegetarian,Snack
Chingri Cutlet,"prawn, potato, bread crumbs, egg, ginger, garlic, spices, oil","200g prawns, 1 boiled potato, 1/2 cup bread crumbs, 1 egg, 1 tsp ginger-garlic paste, 1/2 tsp garam masala, salt to taste, oil for frying","Boil and mash prawns with potato, spices, and ginger-garlic paste. Shape into oval cutlets. Dip in beaten egg, coat with bread crumbs, and fry until crispy and golden.",Bengali,Non-Vegetarian,Snack
Kacha Kolar Kofta,"raw banana, besan, ginger, spices, oil","2 raw bananas, 2 tbsp besan, 1 tsp ginger paste, 1/2 tsp garam masala, salt to taste, oil for frying","Boil and mash bananas. Mix with besan, ginger paste, salt, and garam masala. Shape into balls and fry. Optionally prepare a light curry and simmer koftas before serving.",Bengali,Vegetarian,Dinner
Payesh,"gobindobhog rice, milk, sugar, bay leaf, cardamom","1/4 cup gobindobhog rice, 1 liter full cream milk, 1/2 cup sugar, 1 bay leaf, 1/4 tsp cardamom powder","Wash and soak rice for 15 minutes. Boil milk with bay leaf and reduce slightly. Add rice and cook slowly until soft and creamy. Add sugar and cardamom powder. Stir and serve warm or chilled.",Bengali,Vegetarian,Dessert
Sheem Paturi,"flat beans, mustard paste, green chili, mustard oil, banana leaf, salt","200g flat beans (sliced), 2 tbsp mustard paste, 2 green chilies (slit), 1 tbsp mustard oil, banana leaf for wrapping, salt to taste","Mix sliced beans with mustard paste, chilies, salt, and mustard oil. Wrap the mixture in banana leaf parcels and steam or pan-cook covered for 15–20 minutes until tender and infused with flavor.",Bengali,Vegan,Lunch
Tetor Dal,"moong dal, bitter gourd, mustard seeds, turmeric, salt, mustard oil","1/2 cup moong dal, 1 small bitter gourd, 1/2 tsp mustard seeds, 1/4 tsp turmeric, salt to taste, 1 tbsp mustard oil","Dry roast and boil moong dal. Slice and fry bitter gourd in mustard oil. In same oil, splutter mustard seeds, add dal, turmeric, and salt. Simmer with fried gourds for 5 minutes before serving.",Bengali,Vegan,Lunch
Topshe Fry,"topshe fish, besan, rice flour, spices, salt, oil","6 topshe fish, 2 tbsp besan, 1 tbsp rice flour, 1/2 tsp turmeric, 1/2 tsp chili powder, salt to taste, oil for frying","Clean and pat dry the fish. Mix besan, rice flour, spices, and a bit of water into a thick batter. Coat fish and deep fry until golden and crisp. Serve hot.",Bengali,Non-Vegetarian,Snack
Mishti Doi,"milk, sugar, yogurt","1 liter full-fat milk, 1/2 cup sugar, 2 tbsp plain yogurt","Boil milk and reduce to 3/4th. Add caramelized sugar and cool until lukewarm. Stir in yogurt and pour into clay pots. Cover and let set in a warm place for 6–8 hours or overnight.",Bengali,Vegetarian,Dessert
Patishapta,"flour, rice flour, coconut, jaggery, milk, cardamom","1 cup flour, 1/4 cup rice flour, 1 cup grated coconut, 1/2 cup jaggery, 1 cup milk, 1/2 tsp cardamom powder","Make batter with flour, rice flour, and milk. For filling, cook coconut, jaggery, and cardamom powder in a pan until mixed. Make thin crepes on a non-stick pan, fill with coconut mix, roll and serve warm or chilled.",Bengali,Vegetarian,Snack
Payesh,"gobindobhog rice, milk, sugar, bay leaf, cardamom","1/4 cup gobindobhog rice, 1 liter full cream milk, 1/2 cup sugar, 1 bay leaf, 1/4 tsp cardamom powder","Wash and soak rice for 15 minutes. Boil milk with bay leaf and reduce slightly. Add rice and cook slowly until soft and creamy. Add sugar and cardamom powder. Stir and serve warm or chilled.",Bengali,Vegetarian,Dessert
Langcha,"flour, khoya, sugar syrup, cardamom","Fry sweet rolls and soak in syrup.",Bengali,Vegetarian,Dessert
Sitabhog,"chhana, rice flour, sugar, saffron","Make sweet rice-like dessert with chhana.",Bengali,Vegetarian,Dessert
Baked Cheesecake,"cream cheese, sugar, eggs, biscuit base","400g cream cheese, 1 cup sugar, 3 eggs, 1 packet biscuit base","Mix cream cheese and sugar until smooth. Beat in eggs one by one. Pour onto biscuit base and bake at 160°C for 50 minutes. Cool and refrigerate for 4 hours before serving.",Western,Vegetarian,Dessert
Chocolate Mousse,"dark chocolate, eggs, cream, sugar","200g dark chocolate, 4 eggs, 1 cup heavy cream, 1/4 cup sugar","Melt chocolate and let it cool. Whisk eggs with sugar, then mix with melted chocolate. Whip cream and fold into the chocolate mixture. Chill for 3 hours before serving.",Western,Vegetarian,Dessert
Tiramisu,"ladyfingers, mascarpone cheese, espresso, cocoa powder, sugar, eggs","1 pack ladyfingers, 500g mascarpone cheese, 1 cup espresso, 2 tbsp cocoa powder, 1/4 cup sugar, 2 eggs","Dip ladyfingers in espresso and layer in a dish. Mix mascarpone with sugar and eggs, then spread over the ladyfingers. Repeat the layers and dust with cocoa powder. Refrigerate for 6 hours.",Italian,Vegetarian,Dessert
Carrot Cake,"flour, carrots, sugar, eggs, butter, cream cheese, walnuts","1 cup flour, 2 cups grated carrots, 1 cup sugar, 2 eggs, 1/2 cup butter, 1/2 cup cream cheese, 1/4 cup walnuts","Mix all ingredients to form a batter. Bake at 180°C for 40 minutes. Cool and frost with cream cheese frosting and chopped walnuts.",Western,Vegetarian,Dessert
Apple Pie,"apples, sugar, flour, butter, cinnamon","5 apples, 1 cup sugar, 2 cups flour, 1/2 cup butter, 1 tsp cinnamon","Slice apples and mix with sugar and cinnamon. Make dough with flour and butter, then roll out and place in a pie dish. Add apple mixture, top with dough, and bake at 200°C for 45 minutes.",Western,Vegetarian,Dessert
Rava Sheera,"semolina, sugar, ghee, cashews, cardamom","1 cup semolina, 1 cup sugar, 1/2 cup ghee, 10 cashews, 1/2 tsp cardamom","Roast semolina in ghee until golden. Add sugar and water, stir to form a smooth mixture. Garnish with cashews and cardamom, then serve warm.",Indian,Vegetarian,Dessert
Gulab Jamun,"milk powder, flour, baking soda, sugar, ghee, cardamom","1 cup milk powder, 1/4 cup flour, 1/4 tsp baking soda, 1/2 cup sugar, 1/4 cup ghee, 2 cardamom pods","Make dough with milk powder, flour, baking soda, and ghee. Shape into small balls and deep fry. Soak in sugar syrup with cardamom for 30 minutes before serving.",Indian,Vegetarian,Dessert
Kheer,"rice, milk, sugar, cardamom, almonds","1/4 cup rice, 2 cups milk, 1/4 cup sugar, 1/4 tsp cardamom, 10 almonds","Boil rice in milk, then add sugar and cardamom. Simmer until thickened, garnish with almonds, and serve hot or chilled.",Indian,Vegetarian,Dessert
Ras Malai,"chana, milk, sugar, cardamom, saffron","200g chana, 1 liter milk, 1/2 cup sugar, 2 cardamom pods, saffron strands","Boil milk and reduce by half. Add sugar, cardamom, and saffron. Soak chana in the syrup for 15 minutes and serve chilled.",Indian,Vegetarian,Dessert
Shemai,"vermicelli, sugar, ghee, cardamom, milk","1 cup vermicelli, 1/2 cup sugar, 2 tbsp ghee, 1/2 tsp cardamom, 2 cups milk","Fry vermicelli in ghee until golden. Add milk and sugar, and cook until soft. Add cardamom and serve warm.",Indian,Vegetarian,Dessert
Kulfi,"milk, sugar, cardamom, pistachio, saffron","2 cups milk, 1/2 cup sugar, 1/4 tsp cardamom, 1/4 cup pistachio, saffron strands","Boil milk until reduced by half. Add sugar, cardamom, pistachio, and saffron. Pour into molds and freeze for 6 hours.",Indian,Vegetarian,Dessert
Pavlova,"egg whites, sugar, cornstarch, vinegar, fruits","4 egg whites, 1 cup sugar, 1 tbsp cornstarch, 1 tsp vinegar, mixed fruits for topping","Whisk egg whites with sugar until stiff. Fold in cornstarch and vinegar. Bake at 120°C for 1 hour. Top with whipped cream and fresh fruits.",Western,Vegetarian,Dessert
Banoffee Pie,"bananas, toffee, whipped cream, biscuit base","2 bananas, 1/2 cup toffee, 1 cup whipped cream, 1 packet biscuit base","Make base with crushed biscuits and butter. Layer with toffee, sliced bananas, and whipped cream. Chill for 2 hours before serving.",Western,Vegetarian,Dessert
Chocolate Cake,"flour, cocoa powder, sugar, eggs, butter, milk","2 cups flour, 1/2 cup cocoa powder, 1 cup sugar, 2 eggs, 1/2 cup butter, 1/2 cup milk","Mix all ingredients to make a batter. Bake at 180°C for 30 minutes. Frost with chocolate icing and serve.",Western,Vegetarian,Dessert
Choco Lava Cake,"chocolate, butter, flour, sugar, eggs, vanilla","200g dark chocolate, 1/2 cup butter, 1/2 cup flour, 1/4 cup sugar, 2 eggs, 1 tsp vanilla","Melt chocolate and butter together. Mix with eggs, sugar, and flour. Pour into ramekins, add a piece of chocolate in the center, and bake at 200°C for 10–12 minutes. Serve warm.",Western,Vegetarian,Dessert
Crème Brûlée,"cream, sugar, eggs, vanilla","2 cups heavy cream, 1/2 cup sugar, 4 egg yolks, 1 tsp vanilla","Heat cream with sugar until warm. Whisk egg yolks, then combine with warm cream. Pour into ramekins and bake at 160°C for 40 minutes. Cool and sprinkle sugar on top. Caramelize the sugar with a torch.",Western,Vegetarian,Dessert
Strawberry Shortcake,"flour, sugar, butter, cream, strawberries","1 cup flour, 1/4 cup sugar, 1/2 cup butter, 1 cup cream, 1 cup strawberries","Make dough with flour, sugar, and butter. Bake at 180°C for 15 minutes. Whip cream and slice strawberries. Layer shortcakes with cream and strawberries.",Western,Vegetarian,Dessert
Lemon Meringue Pie,"lemon, sugar, eggs, butter, pie crust","1 lemon, 1/2 cup sugar, 3 eggs, 1/4 cup butter, 1 pie crust","Make lemon curd with lemon juice, sugar, eggs, and butter. Pour into pie crust and bake at 160°C for 25 minutes. Top with meringue and bake for an additional 10 minutes.",Western,Vegetarian,Dessert
Omelette,"egg, salt, onion","2 eggs, 1/4 tsp salt, 1 small onion (chopped)","Whisk eggs with salt. Pour into a hot, greased pan. Add chopped onions and cook until set. Flip and cook the other side for 1-2 minutes.",Western,Vegetarian,Breakfast
Aloo Vorta,"potato, chili, oil","2 medium potatoes, 2 green chilies, 1 tbsp oil","Boil potatoes and mash them. Heat oil in a pan, fry chopped chilies, and add mashed potatoes. Mix well and serve.",Bengali,Vegetarian,Lunch
Chicken Curry,"chicken, onion, chili, oil","500g chicken, 1 onion (chopped), 2 green chilies, 2 tbsp oil","Fry chopped onion and chilies in oil until golden. Add chicken and cook until browned. Add water and simmer until chicken is cooked through.",Indian,Non-Vegetarian,Dinner
Sandwich,"bread, butter, chicken","2 slices bread, 2 tbsp butter, 1 cooked chicken breast (shredded)","Spread butter on bread slices. Place shredded chicken between the slices and toast until golden.",Western,Non-Vegetarian,Sandwich
Boiled Egg,"egg, water, salt","2 eggs, water for boiling, 1/4 tsp salt","Place eggs in water and bring to a boil. Reduce heat and simmer for 8-10 minutes. Peel and sprinkle with salt before serving.",Western,Vegetarian,Snack
Potato Fry,"potato, salt, oil","3 medium potatoes, 1/2 tsp salt, 2 tbsp oil","Cut potatoes into thin slices. Heat oil in a pan and fry potatoes until crispy. Sprinkle with salt and serve.",Indian,Vegetarian,Lunch
Vegetable Soup,"carrot, onion, salt, water","1 carrot, 1 onion, 1/2 tsp salt, 2 cups water","Chop carrot and onion, boil them in water with salt. Simmer for 15 minutes until vegetables are soft. Blend if desired.",Western,Vegetarian,Snack
Chili Garlic Noodles,"noodles, garlic, chili, oil","1 packet noodles, 4 garlic cloves, 2 green chilies, 1 tbsp oil","Cook noodles as per packet instructions. In a pan, heat oil, sauté garlic and chilies, then toss in cooked noodles. Stir well and serve.",Chinese,Vegetarian,Lunch
Rice Pudding,"rice, milk, sugar","1/4 cup rice, 2 cups milk, 1/4 cup sugar","Cook rice in milk and sugar until it thickens. Stir occasionally. Let it cool before serving.",Western,Vegetarian,Dessert
Masala Papad,"papad, chili, oil","2 papads, 2 green chilies, 1 tbsp oil","Roast papads in the microwave or over an open flame. Top with chopped chilies and drizzle with oil.",Indian,Vegetarian,Summer Snack
Fried Rice,"rice, vegetable, soy sauce","1 cup cooked rice, 1/2 cup mixed vegetables, 1 tbsp soy sauce","Heat oil in a pan, add vegetables and stir-fry. Add cooked rice and soy sauce. Stir until combined and serve.",Chinese,Vegan,Lunch
French Toast,"bread, egg, sugar, butter","2 slices bread, 1 egg, 1 tbsp sugar, 1 tbsp butter","Whisk egg and sugar together. Dip bread slices into the egg mixture and cook in butter until golden on both sides.",Western,Vegetarian,Breakfast
Potato Salad,"potato, salt, oil","3 medium potatoes, 1/4 tsp salt, 1 tbsp oil","Boil and chop potatoes. Toss with salt and a little oil. Chill for a refreshing salad.",Western,Vegetarian,Snack
Chapati,"flour, water, salt","1 cup flour, 1/4 tsp salt, 1/2 cup water","Knead flour, salt, and water into a dough. Roll into thin discs and cook on a hot tawa until golden brown.",Indian,Vegetarian,Lunch
Tomato Soup,"tomato, garlic, salt, water","2 tomatoes, 3 garlic cloves, 1/2 tsp salt, 2 cups water","Blend tomatoes and garlic into a puree. Boil in water with salt for 10-15 minutes. Serve hot.",Western,Vegan,Soup
Cheese Toast,"bread, cheese, butter","2 slices bread, 2 slices cheese, 1 tbsp butter","Butter the bread slices. Place cheese between them and toast until golden.",Western,Vegetarian,Sandwich
Fruit Salad,"apple, banana, grapes, sugar","1 apple, 1 banana, 1/2 cup grapes, 1 tbsp sugar","Chop fruits and mix in a bowl. Add sugar and stir. Serve chilled.",Western,Vegetarian,Snack
Kachori,"flour, salt, oil","1 cup flour, 1/4 tsp salt, 1 tbsp oil","Make dough with flour, salt, and water. Roll into discs, fill with a little spice mix, fold and deep fry until golden.",Indian,Vegetarian,Snack
Vermicelli Pudding,"vermicelli, milk, sugar, cardamom","1/2 cup vermicelli, 1 cup milk, 1/4 cup sugar, 1/4 tsp cardamom","Roast vermicelli in a little oil. Add milk, sugar, and cardamom. Simmer until thickened and serve warm.",Indian,Vegetarian,Dessert
Boiled Corn,"corn, salt, butter","1 corn cob, 1/2 tsp salt, 1 tbsp butter","Boil corn for 10-12 minutes, then brush with butter and sprinkle with salt.",Western,Vegetarian,Snack
Cucumber Salad,"cucumber, salt, lemon, sugar","1 cucumber, 1/2 tsp salt, 1 tbsp lemon juice, 1/2 tsp sugar","Slice cucumber and toss with salt, lemon juice, and sugar. Chill before serving.",Western,Vegan,Snack
Pasta Salad,"pasta, cucumber, tomato, olive oil, salt","1 cup pasta, 1/2 cucumber, 1 tomato, 1 tbsp olive oil, 1/4 tsp salt","Cook pasta and let it cool. Chop cucumber and tomato. Toss everything with olive oil and salt.",Italian,Vegetarian,Snack
Scrambled Eggs,"egg, salt, butter","2 eggs, 1/4 tsp salt, 1 tbsp butter","Whisk eggs with salt. Heat butter in a pan, pour in eggs, and stir continuously until cooked.",Western,Vegetarian,Breakfast
Chana Chaat,"chickpeas, onion, tomato, chili, lemon","1 cup chickpeas, 1 onion, 1 tomato, 2 green chilies, 1 tbsp lemon juice","Boil chickpeas and mix with chopped onion, tomato, chilies, and lemon juice. Serve chilled.",Indian,Vegetarian,Snack
Boiled Potatoes,"potato, salt, oil","3 medium potatoes, 1/2 tsp salt, 1 tbsp oil","Boil potatoes, peel and slice. Heat oil in a pan, fry potato slices and sprinkle salt. Serve hot.",Indian,Vegetarian,Lunch
Garlic Bread,"bread, garlic, butter, parsley","2 slices bread, 2 garlic cloves, 1 tbsp butter, 1/2 tsp parsley","Toast the bread. Melt butter, mix in garlic and parsley, and spread on the bread. Serve warm.",Western,Vegetarian,Snack
Instant Poha,"flattened rice, onion, mustard seeds, peas, oil, turmeric","1 cup poha, 1 onion, 1/2 tsp mustard seeds, 1/4 cup peas, 1 tbsp oil, 1/2 tsp turmeric","Heat oil in a pan, add mustard seeds and turmeric, then sauté onions and peas. Add poha, stir, and serve warm.",Indian,Vegetarian,Breakfast
Microwave Mug Cake,"flour, sugar, baking powder, cocoa powder, milk, butter","1/4 cup flour, 2 tbsp sugar, 1/4 tsp baking powder, 1 tbsp cocoa powder, 2 tbsp milk, 1 tbsp butter","Mix ingredients in a mug and microwave for 1 minute. Enjoy your single-serve cake.",Western,Vegetarian,Dessert
Quick Roti,"flour, water, salt","1 cup flour, 1/4 tsp salt, water as needed","Knead flour, salt, and water into soft dough. Roll out dough into thin circles and cook on a hot tawa for 1 minute on each side.",Indian,Vegetarian,Lunch
Boiled Masala Egg,"egg, salt, chili powder, oil","2 eggs, 1/2 tsp salt, 1/2 tsp chili powder, 1 tbsp oil","Boil eggs for 10 minutes. Peel and cut in half. Heat oil, sprinkle chili powder and salt, and sauté the boiled eggs for 2 minutes.",Indian,Vegetarian,Snack
Microwave Oats,"oats, milk, sugar, cinnamon","1/2 cup oats, 1 cup milk, 1 tbsp sugar, 1/4 tsp cinnamon","Mix all ingredients in a microwave-safe bowl and microwave for 2 minutes. Stir and serve warm.",Western,Vegetarian,Breakfast
Quick Vegetable Pulao,"rice, mixed vegetables, oil, salt, garam masala","1 cup rice, 1/2 cup mixed vegetables, 1 tbsp oil, 1/2 tsp garam masala, salt to taste","Heat oil in a pan, add vegetables and sauté. Add rice, garam masala, salt, and water. Cook for 10-12 minutes until rice is done.",Indian,Vegetarian,Lunch
Instant Dosa,"rice flour, water, salt, oil","1 cup rice flour, 1/2 cup water, 1/4 tsp salt, 1 tbsp oil","Mix rice flour, water, and salt into a smooth batter. Heat a non-stick pan, spread the batter, and cook for 2 minutes on each side.",Indian,Vegetarian,Breakfast
Bread Pakora,"bread, potato, chickpea flour, salt, chili, oil","2 slices bread, 1 potato, 1/4 cup chickpea flour, 1/4 tsp salt, 1/2 tsp chili powder, oil for frying","Boil and mash potato, mix with salt and chili. Place filling between bread slices, dip in chickpea flour batter, and fry in oil for 2 minutes.",Indian,Vegetarian,Snack
Microwave Paneer Tikka,"paneer, yogurt, chili powder, turmeric, garam masala","200g paneer, 2 tbsp yogurt, 1/2 tsp chili powder, 1/4 tsp turmeric, 1/2 tsp garam masala","Mix yogurt and spices, coat paneer with the mixture, and microwave for 2-3 minutes until slightly golden.",Indian,Vegetarian,Supper
Vegetable Salad,"cucumber, tomato, onion, lemon, salt","1 cucumber, 1 tomato, 1 onion, 1/2 lemon, salt to taste","Chop vegetables, toss together, squeeze lemon juice, sprinkle salt, and serve immediately.",Western,Vegan,Snack
Egg Bhurji,"egg, onion, tomato, chili, salt, oil","2 eggs, 1 onion, 1 tomato, 1 chili, 1/2 tsp salt, 1 tbsp oil","Heat oil, sauté onions, tomatoes, and chilies. Add beaten eggs and scramble until cooked. Serve hot.",Indian,Vegetarian,Lunch
Mango Lassi,"mango, yogurt, sugar","1 ripe mango, 1 cup yogurt, 1 tbsp sugar","Blend mango pulp with yogurt and sugar until smooth. Serve chilled.",Indian,Vegetarian,Drink
Pasta in Creamy Sauce,"pasta, cream, cheese, garlic, salt, pepper","1 cup pasta, 1/4 cup cream, 1/2 cup cheese, 2 garlic cloves, salt and pepper to taste","Cook pasta as per instructions. In a pan, heat cream and sauté garlic. Add pasta, cheese, salt, and pepper. Toss and serve.",Western,Vegetarian,Dinner
Grilled Cheese Sandwich,"bread, cheese, butter","2 slices bread, 2 slices cheese, 1 tbsp butter","Butter the bread, place cheese slices between, and grill on both sides until golden brown.",Western,Vegetarian,Sandwich
Potato Wedges,"potato, olive oil, salt, pepper","2 medium potatoes, 1 tbsp olive oil, 1/2 tsp salt, 1/4 tsp pepper","Cut potatoes into wedges, toss with olive oil, salt, and pepper. Bake at 200°C for 20 minutes until crispy.",Western,Vegetarian,Snack
Microwave Pizza,"bread, cheese, tomato, herbs","2 slices bread, 1/2 cup cheese, 2 tbsp tomato sauce, oregano","Spread tomato sauce on bread, top with cheese and herbs, and microwave for 1-2 minutes until cheese melts.",Western,Vegetarian,Supper
Chana Chaat,"chickpeas, onion, tomato, lemon, chili","1 cup boiled chickpeas, 1 onion, 1 tomato, 2 green chilies, 1 tbsp lemon juice","Chop onion, tomato, and chilies. Mix with boiled chickpeas and lemon juice. Serve chilled.",Indian,Vegetarian,Snack
Vegetable Stir-Fry,"carrot, cabbage, soy sauce, oil","1 carrot, 1/2 cup cabbage, 1 tbsp soy sauce, 1 tbsp oil","Heat oil, sauté vegetables, add soy sauce, stir-fry for 5 minutes, and serve hot.",Chinese,Vegan,Lunch
Fried Rice,"rice, soy sauce, vegetables, egg","1 cup rice, 1 tbsp soy sauce, 1/2 cup mixed vegetables, 1 egg","Heat oil, stir-fry vegetables, add cooked rice, soy sauce, and a scrambled egg. Mix well and serve.",Chinese,Vegetarian,Lunch
Egg Salad,"egg, mayo, mustard, salt, pepper","2 boiled eggs, 2 tbsp mayo, 1 tsp mustard, salt and pepper to taste","Chop boiled eggs, mix with mayo, mustard, salt, and pepper. Serve cold.",Western,Vegetarian,Snack
French Toast,"bread, egg, sugar, butter","2 slices bread, 1 egg, 1 tbsp sugar, 1 tbsp butter","Whisk egg and sugar together. Dip bread slices into the egg mixture and cook in butter until golden on both sides.",Western,Vegetarian,Breakfast
Simple Tomato Soup,"tomato, garlic, water, salt, oil","3 tomatoes, 3 garlic cloves, 2 cups water, 1/2 tsp salt, 1 tbsp oil","Boil tomatoes and garlic in water. Blend into a smooth soup and season with salt. Heat oil and pour the soup. Serve hot.",Western,Vegan,Soup
Microwave Pancakes,"flour, milk, sugar, baking powder","1/2 cup flour, 1/4 cup milk, 2 tbsp sugar, 1/2 tsp baking powder","Mix all ingredients into a batter, pour into a microwave-safe bowl, and microwave for 2-3 minutes. Serve with syrup.",Western,Vegetarian,Breakfast
Aloo Posto,"potato, poppy seeds, mustard oil, salt","3 medium potatoes, 2 tbsp poppy seeds, 2 tbsp mustard oil, salt to taste","Boil and mash potatoes. Grind poppy seeds into a paste. Heat mustard oil, add poppy seed paste and mashed potatoes. Cook for 5 minutes and serve.",Bengali,Vegetarian,Lunch
Aloo Bhaja,"potato, turmeric, salt, mustard oil","2 medium potatoes, 1/2 tsp turmeric, salt to taste, 2 tbsp mustard oil","Slice potatoes into thin rounds. Heat mustard oil, add turmeric and fry the potato slices until golden brown. Sprinkle with salt and serve.",Bengali,Vegetarian,Lunch
Panta Bhat,"leftover rice, green chili, mustard oil, salt","1 cup leftover rice, 2 green chilies, 1 tbsp mustard oil, salt to taste","Soak leftover rice in water overnight. Serve with chopped green chili, mustard oil, and a pinch of salt.",Bengali,Vegan,Breakfast
Macher Bhorta,"fish, mustard oil, salt, green chili","2 pieces small fish, 2 tbsp mustard oil, salt to taste, 1 green chili","Grill or fry fish, mash with green chili, salt, and mustard oil. Serve with rice.",Bengali,Non-Vegetarian,Lunch
Dhokar Dalna,"chana dal, tomato, turmeric, garam masala, oil","1 cup chana dal, 1 tomato, 1/2 tsp turmeric, 1/2 tsp garam masala, 2 tbsp oil","Soak and grind chana dal into a paste. Fry into small cakes and cook in spiced tomato gravy. Serve hot.",Bengali,Vegetarian,Lunch
Shorshe Bata Maach,"fish, mustard paste, turmeric, salt, mustard oil","4 pieces of fish, 2 tbsp mustard paste, 1/2 tsp turmeric, salt to taste, 2 tbsp mustard oil","Marinate fish with turmeric and salt. Fry lightly in mustard oil, then cook with mustard paste until the gravy thickens. Serve with rice.",Bengali,Non-Vegetarian,Lunch
Lentil Vorta,"lentil, salt, mustard oil, green chili","1 cup lentil, salt to taste, 2 tbsp mustard oil, 2 green chilies","Boil lentils and mash them with green chilies, salt, and mustard oil. Serve as a side dish with rice.",Bengali,Vegetarian,Lunch
Bengali Aloo Dum,"potato, onion, turmeric, garam masala, mustard oil","3 medium potatoes, 1 onion, 1/2 tsp turmeric, 1/2 tsp garam masala, 2 tbsp mustard oil","Peel and boil potatoes. Fry onions in mustard oil, add turmeric and garam masala. Cook the potatoes in the mixture for 5 minutes. Serve hot.",Bengali,Vegetarian,Lunch
Chingri Malai Curry,"prawn, coconut milk, turmeric, salt, mustard oil","200g prawns, 1 cup coconut milk, 1/2 tsp turmeric, salt to taste, 2 tbsp mustard oil","Fry prawns lightly in mustard oil, add coconut milk, turmeric, and salt. Cook for 5 minutes and serve with rice.",Bengali,Non-Vegetarian,Dinner
Patisapta,"flour, rice flour, coconut, jaggery, cardamom","1 cup flour, 1/4 cup rice flour, 1 cup grated coconut, 1/2 cup jaggery, 1/4 tsp cardamom","Make a batter of flour and rice flour. Cook coconut and jaggery into a thick filling. Stuff the crepes with the filling and serve.",Bengali,Vegetarian,Dessert
Moong Dal Bhaja,"moong dal, green chili, salt, mustard oil","1 cup moong dal, 2 green chilies, salt to taste, 2 tbsp mustard oil","Soak moong dal, then fry it in mustard oil until golden brown. Add green chilies and salt and serve hot.",Bengali,Vegetarian,Snack
Chingri Bhorta,"prawn, mustard oil, salt, green chili","200g prawns, 2 tbsp mustard oil, salt to taste, 2 green chilies","Boil and mash prawns with green chilies, salt, and mustard oil. Serve as a side dish with rice.",Bengali,Non-Vegetarian,Lunch
Beguni,"eggplant, gram flour, turmeric, salt, oil","1 large eggplant, 1/2 cup gram flour, 1/2 tsp turmeric, salt to taste, oil for frying","Slice eggplant into thin rounds. Make a batter with gram flour, turmeric, and salt. Dip eggplant slices in the batter and deep fry until golden brown. Serve hot.",Bengali,Vegetarian,Snack
Cholar Dal,"chana dal, coconut, cumin, turmeric, salt","1 cup chana dal, 1/4 cup grated coconut, 1/2 tsp cumin seeds, 1/2 tsp turmeric, salt to taste","Soak and boil chana dal. In a pan, heat oil, add cumin seeds, grated coconut, turmeric, and salt. Mix in the boiled dal and cook for 5 minutes. Serve with rice.",Bengali,Vegetarian,Lunch